{
  "metrics": {
    "accuracy": 0.2692307692307692,
    "label_hit_accuracy": 0.63,
    "hamming_score": 0.735897435897436,
    "precision_micro": 0.4883720930232558,
    "recall_micro": 0.63,
    "f1_micro": 0.5502183406113537,
    "precision_macro": 0.39402122267975925,
    "recall_macro": 0.5829545454545455,
    "f1_macro": 0.43608719579307814,
    "precision_per_class": {
      "Per": 0.21428571428571427,
      "Sup": 0.0,
      "Rel": 0.5853658536585366,
      "Usa": 0.625,
      "Mis": 0.5454545454545454
    },
    "recall_per_class": {
      "Per": 1.0,
      "Sup": 0.0,
      "Rel": 0.7272727272727273,
      "Usa": 0.625,
      "Mis": 0.5625
    },
    "f1_per_class": {
      "Per": 0.35294117647058826,
      "Sup": 0.0,
      "Rel": 0.6486486486486487,
      "Usa": 0.625,
      "Mis": 0.5538461538461539
    }
  }
}