{
  "metrics": {
    "accuracy": 0.2564102564102564,
    "label_hit_accuracy": 0.56,
    "hamming_score": 0.6564102564102564,
    "precision_micro": 0.3835616438356164,
    "recall_micro": 0.56,
    "f1_micro": 0.45528455284552843,
    "precision_macro": 0.3679491879088653,
    "recall_macro": 0.6476515151515152,
    "f1_macro": 0.4145921745921746,
    "precision_per_class": {
      "Per": 0.1935483870967742,
      "Sup": 0.13636363636363635,
      "Rel": 0.59375,
      "Usa": 0.46153846153846156,
      "Mis": 0.45454545454545453
    },
    "recall_per_class": {
      "Per": 1.0,
      "Sup": 0.6,
      "Rel": 0.5757575757575758,
      "Usa": 0.75,
      "Mis": 0.3125
    },
    "f1_per_class": {
      "Per": 0.32432432432432434,
      "Sup": 0.2222222222222222,
      "Rel": 0.5846153846153846,
      "Usa": 0.5714285714285714,
      "Mis": 0.37037037037037035
    }
  }
}