{
  "metrics": {
    "accuracy": 0.20140845070422536,
    "label_hit_accuracy": 0.48370273794002605,
    "hamming_score": 0.6467605633802818,
    "precision_micro": 0.3015484922575387,
    "recall_micro": 0.48239895697522817,
    "f1_micro": 0.3711133400200602,
    "precision_macro": 0.3298555182121555,
    "recall_macro": 0.6237327764223107,
    "f1_macro": 0.3402930975570118,
    "precision_per_class": {
      "Per": 0.0821917808219178,
      "Sup": 0.17307692307692307,
      "Rel": 0.3952380952380952,
      "Usa": 0.25826446280991733,
      "Mis": 0.740506329113924
    },
    "recall_per_class": {
      "Per": 0.8571428571428571,
      "Sup": 0.4153846153846154,
      "Rel": 0.6859504132231405,
      "Usa": 0.8802816901408451,
      "Mis": 0.2799043062200957
    },
    "f1_per_class": {
      "Per": 0.15,
      "Sup": 0.24434389140271492,
      "Rel": 0.5015105740181269,
      "Usa": 0.3993610223642173,
      "Mis": 0.40625
    }
  }
}