{
  "metrics": {
    "accuracy": 0.6577464788732394,
    "label_hit_accuracy": 0.6466753585397653,
    "hamming_score": 0.8608450704225352,
    "precision_micro": 0.6898470097357441,
    "recall_micro": 0.6466753585397653,
    "f1_micro": 0.6675639300134589,
    "precision_macro": 0.6818173822781962,
    "recall_macro": 0.493562369521666,
    "f1_macro": 0.4752582721879661,
    "precision_per_class": {
      "Per": 0.3404255319148936,
      "Sup": 1.0,
      "Rel": 0.7833333333333333,
      "Usa": 0.5616438356164384,
      "Mis": 0.7236842105263158
    },
    "recall_per_class": {
      "Per": 0.7619047619047619,
      "Sup": 0.1076923076923077,
      "Rel": 0.3884297520661157,
      "Usa": 0.2887323943661972,
      "Mis": 0.9210526315789473
    },
    "f1_per_class": {
      "Per": 0.47058823529411764,
      "Sup": 0.19444444444444445,
      "Rel": 0.5193370165745856,
      "Usa": 0.3813953488372093,
      "Mis": 0.8105263157894737
    }
  }
}