{
  "metrics": {
    "accuracy": 0.5915492957746479,
    "label_hit_accuracy": 0.5580182529335072,
    "hamming_score": 0.823943661971831,
    "precision_micro": 0.5994397759103641,
    "recall_micro": 0.5580182529335072,
    "f1_micro": 0.5779878460499662,
    "precision_macro": 0.405132939300122,
    "recall_macro": 0.27350990093088623,
    "f1_macro": 0.2754311587175571,
    "precision_per_class": {
      "Per": 0.4,
      "Sup": 0.0,
      "Rel": 0.5757575757575758,
      "Usa": 0.44,
      "Mis": 0.6099071207430341
    },
    "recall_per_class": {
      "Per": 0.19047619047619047,
      "Sup": 0.0,
      "Rel": 0.15702479338842976,
      "Usa": 0.07746478873239436,
      "Mis": 0.9425837320574163
    },
    "f1_per_class": {
      "Per": 0.25806451612903225,
      "Sup": 0.0,
      "Rel": 0.24675324675324675,
      "Usa": 0.1317365269461078,
      "Mis": 0.7406015037593985
    }
  }
}